Last Name,First Name,Phone Number,Mobile Number,email,example,example,example,example,example,example
Paulus,Darali,1739286475,2739286475,example,example,example,example,example,example,example
Sample,Shannon,1203748567,,example,example,example,example,example,example,example
Sample,Bryan,,7197280328,example,example,example,example,example,example,example
Shasta,Mount,1293746578,2293746578,example,example,example,example,example,example,example
Oakes,Ethan,1293847567,,example,example,example,example,example,example,example
Reed,Isaiah,,2739287465,example,example,example,example,example,example,example
Conlin,Timmy,1230938475,,example,example,example,example,example,example,example
Tiss,Johnny,,2293748576,example,example,example,example,example,example,example
Potter,Harry,1283746582,,example,example,example,example,example,example,example
Fisher,Kim,1938475821,2938475821,example,example,example,example,example,example,example
Saenz,Victoria,1283746578,2283746578,example,example,example,example,example,example,example
Hamrick,Stephen,1738495876,2738495876,example,example,example,example,example,example,example
Fisher,Dennis,1904827653,2904827653,example,example,example,example,example,example,example
L _Example14,F_Example14,,1234567890,example,example,example,example,example,example,example
L _Example15,F_Example15,,2234567890,example,example,example,example,example,example,example
L _Example16,F_Example16,,3234567890,example,example,example,example,example,example,example
L _Example17,F_Example17,,4234567890,example,example,example,example,example,example,example
L _Example18,F_Example18,,5234567890,example,example,example,example,example,example,example
L _Example19,F_Example19,,6234567890,example,example,example,example,example,example,example
L _Example20,F_Example20,,7234567890,example,example,example,example,example,example,example
L _Example21,F_Example21,,8234567890,example,example,example,example,example,example,example
L _Example22,F_Example22,,9234567890,example,example,example,example,example,example,example
L _Example23,F_Example23,,1023456780,example,example,example,example,example,example,example
L _Example24,F_Example24,,1123456890,example,example,example,example,example,example,example
L _Example25,F_Example25,,1223467890,example,example,example,example,example,example,example
L _Example26,F_Example26,,1334567890,example,example,example,example,example,example,example
L _Example27,F_Example27,,1424567890,example,example,example,example,example,example,example
L _Example28,F_Example28,,1523456890,example,example,example,example,example,example,example
L _Example29,F_Example29,,1624567890,example,example,example,example,example,example,example
L _Example30,F_Example30,,1723467890,example,example,example,example,example,example,example
L _Example31,F_Example31,,1834567890,example,example,example,example,example,example,example
L _Example32,F_Example32,,1923567890,example,example,example,example,example,example,example
L _Example33,F_Example33,,2023456790,example,example,example,example,example,example,example
L _Example34,F_Example34,,2124567890,example,example,example,example,example,example,example
L _Example35,F_Example35,,2234567890,example,example,example,example,example,example,example
L _Example36,F_Example36,,2323456790,example,example,example,example,example,example,example
L _Example37,F_Example37,,2434567890,example,example,example,example,example,example,example
L _Example38,F_Example38,,2523456890,example,example,example,example,example,example,example
L _Example39,F_Example39,,2623567890,example,example,example,example,example,example,example
L _Example40,F_Example40,,2734567890,example,example,example,example,example,example,example